<?xml version="1.0" encoding="UTF-8"?>
<project-private xmlns="http://www.netbeans.org/ns/project-private/1">
    <editor-bookmarks xmlns="http://www.netbeans.org/ns/editor-bookmarks/2" lastBookmarkId="0"/>
    <open-files xmlns="http://www.netbeans.org/ns/projectui-open-files/2">
        <group>
            <file>file:/C:/Users/rich/Documents/NetBeansProjects/ATMSimulator/src/atmsimulator/ATMViewer.java</file>
            <file>file:/C:/Users/rich/Documents/NetBeansProjects/ATMSimulator/src/atmsimulator/ATM.java</file>
            <file>file:/C:/Users/rich/Documents/NetBeansProjects/ATMSimulator/src/atmsimulator/BankAccount.java</file>
            <file>file:/C:/Users/rich/Documents/NetBeansProjects/ATMSimulator/src/atmsimulator/Bank.java</file>
            <file>file:/C:/Users/rich/Documents/NetBeansProjects/ATMSimulator/src/atmsimulator/ATMFrame.java</file>
            <file>file:/C:/Users/rich/Documents/NetBeansProjects/ATMSimulator/src/atmsimulator/customers.txt</file>
            <file>file:/C:/Users/rich/Documents/NetBeansProjects/ATMSimulator/src/atmsimulator/Customer.java</file>
            <file>file:/C:/Users/rich/Documents/NetBeansProjects/ATMSimulator/src/atmsimulator/ATMSimulator.java</file>
            <file>file:/C:/Users/rich/Documents/NetBeansProjects/ATMSimulator/src/atmsimulator/KeyPad.java</file>
        </group>
    </open-files>
</project-private>
