<?xml version="1.0" encoding="UTF-8"?><module codename="org.netbeans.api.visual">
    <module_version install_time="1457401825412" last="true" origin="installer" specification_version="2.46.1">
        <file crc="1235850484" name="config/Modules/org-netbeans-api-visual.xml"/>
        <file crc="3965085529" name="modules/locale/org-netbeans-api-visual_ja.jar"/>
        <file crc="1180686679" name="modules/locale/org-netbeans-api-visual_pt_BR.jar"/>
        <file crc="2494735574" name="modules/locale/org-netbeans-api-visual_ru.jar"/>
        <file crc="2478547369" name="modules/locale/org-netbeans-api-visual_zh_CN.jar"/>
        <file crc="3383276432" name="modules/org-netbeans-api-visual.jar"/>
    </module_version>
</module>
